objectid,parentid,title,origin,from,section,Foliation,date,description,subject,location,latitude,longitude,source,identifier,type,format,language,rights,rightsstatement,display_template,object_location,image_small,image_thumb,image_alt_text,object_transcript
lndl003,,Decorated initial,Italian,Quarto,Corinthians I,6v,13th century,Illuminated p in Corinthians,quarto; decorated initial,"Bologna, Italy",44.50244534,11.34265692,Loyola Notre Dame Library,,Image; Stillimage,image/jpeg,Latin,,,image,/objects/Quarto_illuminated_p.jpg,/objects/small/quarto_illuminated_p_sm.jpg,/objects/thumbs/quarto_illuminated_p_th.jpg,,
lndl004,,Historiated initial with image of St. Paul holding a book,Italian,Quarto,Corinthians I,1r,13th century,St. Paul holding a book inside a historiated initial of the letter p in Corinthians I,Paul; Book; p; historiated initial; Corinthians; Quarto; Italian,"Bologna, Italy",44.50244534,11.34265692,Loyola Notre Dame Library,,Image; Stillimage,image/jpeg,Latin,,,image,/objects/Quarto_p.jpg,/objects/small/quarto_p_sm.jpg,/objects/thumbs/quarto_p_th.jpg,,
lndl005,,Closeup of historiated initial with image of St. Paul holding a book,Italian,Quarto,Corinthians I,1r,13th century,St. Paul holding a book inside a historiated initial of the letter p in Corinthians I,Paul; Book; p; historiated initial; Corinthians; Quarto; closeup; Italian,"Bologna, Italy",44.50244534,11.34265692,Loyola Notre Dame Library,,Image; Stillimage,image/jpeg,Latin,,,image,/objects/Quarto_p_closeup.jpg,/objects/small/quarto_p_closeup_sm.jpg,/objects/thumbs/quarto_p_closeup_th.jpg,,
lndl006,,Closeup of historiated initial with image of St. Paul reading,Italian,Quarto,Corinthians I,6v,13th century,"St. Paul reading a book inside a historiated initial of the letter ""p""",Paul; p; historiated initial; Quarto; closeup; reading; Italian,"Bologna, Italy",44.50244534,11.34265692,Loyola Notre Dame Library,,Image; Stillimage,image/jpeg,Latin,,,image,/objects/Quarto_reading.jpg,/objects/small/quarto_reading_sm.jpg,/objects/thumbs/quarto_reading_th.jpg,,
lndl007,,Historiated initial with image of St. Paul reading,Italian,Quarto,Corinthians I,6v,13th century,"St. Paul reading a book inside a historiated initial of the letter ""p""",Paul; p; historiated initial; Quarto; reading; Italian,"Bologna, Italy",44.50244534,11.34265692,Loyola Notre Dame Library,,Image; Stillimage,image/jpeg,Latin,,,image,/objects/Quarto_readingp_fullpage.jpg,/objects/small/quarto_readingp_fullpage_sm.jpg,/objects/thumbs/quarto_readingp_fullpage_th.jpg,,
lndl008,,Decorative flourish,Italian,Quarto,,,13th century,Decorative flourish found between two paragraphs,decorative; quarto; Italian,"Bologna, Italy",44.50244534,11.34265692,Loyola Notre Dame Library,,Image; Stillimage,image/jpeg,Latin,,,image,/objects/Quarto_spine.jpg,/objects/small/quarto_spine_sm.jpg,/objects/thumbs/quarto_spine_th.jpg,,
lndl009,,Closeup of Historiated Initial with image of St. Paul writing,Italian,Quarto,Galatians,10r,13th century,St. Paul writing his letters,Paul; writing; p; historiated initial; Quarto; closeup; Italian,"Bologna, Italy",44.50244534,11.34265692,Loyola Notre Dame Library,,Image; Stillimage,image/jpeg,Latin,,,image,/objects/Quarto_writing.jpg,/objects/small/quarto_writing_sm.jpg,/objects/thumbs/quarto_writing_th.jpg,,
lndl010,,Historiated Initial with image of St. Paul writing,Italian,Quarto,Galatians,10r,13th century,St. Paul writing his letters,Paul; writing; p; historiated initial; Quarto; Italian,"Bologna, Italy",44.50244534,11.34265692,Loyola Notre Dame Library,,Image; Stillimage,image/jpeg,Latin,,,image,/objects/Quarto_writing_fullpage.jpg,/objects/small/quarto_writing_fullpage_sm.jpg,/objects/thumbs/quarto_writing_fullpage_th.jpg,,
lndl012,,Illustration of Mary and the Christ Child,Italian,Book of Hours,Hours of the Virgin,14r,15th century,Full page illustration of the Virgin Maryl holding the Christ Child with missing family crest;,Book of Hours; Mary; Jesus; Italian; Hours of the Virgin; full page; crest; putti,"Monte Cassino, Italy",41.49178248,13.81587839,Loyola Notre Dame Library,,Image; Stillimage,image/png,Latin,,,image,/objects/afterannun_ital.png,/objects/small/afterannun_ital_sm.jpg,/objects/thumbs/afterannun_ital_th.jpg,,
lndl013,,Illustration of the Annunciation,Italian,Book of Hours,Hours of the Virgin,13v,15th century,Full page illustration of the Annunciation,Book of Hours; Mary; Gabriel; Annunciation; Holy Spirit; God the Father; crest; putti,"Monte Cassino, Italy",41.49178248,13.81587839,Loyola Notre Dame Library,,Image; Stillimage,image/png,Latin,,,image,/objects/annunciation_ital.png,/objects/small/annunciation_ital_sm.jpg,/objects/thumbs/annunciation_ital_th.jpg,,
lndl014,,Illustration of Man of Sorrows and an angel holding the instruments of the Passion,Italian,Book of Hours,Office of the Passion,196r,15th century,"Full page illustration of the Man of Sorrows and an angel holding the instruments of the Passion (sponge, nails)",Book of Hours; putti; Passion; Man of Sorrows; angel,"Monte Cassino, Italy",41.49178248,13.81587839,Loyola Notre Dame Library,,Image; Stillimage,image/png,Latin,,,image,/objects/christ_wounds_ital.jpg,/objects/small/christ_wounds_ital_sm.jpg,/objects/thumbs/christ_wounds_ital_th.jpg,,
lndl015,,Illustration of David and Goliath,Italian,Book of Hours,Seven Penitential Psalms,165v,15th century,Full page illustration of David holding a sword and standing over the bloody head of Goliath,Book of Hours; David; Goliath; sword; putti; lyre,"Monte Cassino, Italy",41.49178248,13.81587839,Loyola Notre Dame Library,,Image; Stillimage,image/png,Latin,,,image,/objects/david_ital.png,/objects/small/david_ital_sm.jpg,/objects/thumbs/david_ital_th.jpg,,
lndl016,,Illustration of King David playing the lyre,Italian,Book of Hours,Seven Penitential Psalms,166r,15th century,Full page illustration of King David playing the lyre with the head of Goliath sitting below,Book of Hours; David; Goliath; lyre; putti,"Monte Cassino, Italy",41.49178248,13.81587839,Loyola Notre Dame Library,,Image; Stillimage,image/png,Latin,,,image,/objects/davidlyre_ital.jpg,/objects/small/davidlyre_ital_sm.jpg,/objects/thumbs/davidlyre_ital_th.jpg,,
lndl019,,Franciscans holding skulls,Italian,Book of Hours,Office of the Dead,105r,15th century,Full page illustration of Franciscans holding skulls surrounded by decorative human skulls and a bull skull,Book of Hours; Franciscans; skulls; bull;  putti,"Monte Cassino, Italy",41.49178248,13.81587839,Loyola Notre Dame Library,,Image; Stillimage,image/png,Latin,,,image,/objects/franciscans_ital.png,/objects/small/franciscans_ital_sm.jpg,/objects/thumbs/franciscans_ital_th.jpg,,
lndl020,,"Historiated initial with bust of saint, Terce",Italian,Book of Hours,"Hours of the Virgin, Terce",48r,15th century,Saint holding a banner for Terce,Book of Hours; saint; banner; historiated initial; Hours of the Virgin,"Monte Cassino, Italy",41.49178248,13.81587839,Loyola Notre Dame Library,,Image; Stillimage,image/png,Latin,,,image,/objects/hi_bannerman_ital.jpg,/objects/small/hi_bannerman_ital_sm.jpg,/objects/thumbs/hi_bannerman_ital_th.jpg,,
lndl021,,Historiated initial with bust of saint,Italian,Book of Hours,Hours of the Virgin,59r,15th century,Saint holding a book,Book of Hours; saint; historiated initial; Hours of the Virgin,"Monte Cassino, Italy",41.49178248,13.81587839,Loyola Notre Dame Library,,Image; Stillimage,image/png,Latin,,,image,/objects/hi_bookman_ital.png,/objects/small/hi_bookman_ital_sm.jpg,/objects/thumbs/hi_bookman_ital_th.jpg,,
lndl022,,"Historiated initial with bust of saint, Sext",Italian,Book of Hours,"Hours of the Virgin, Sext",53v,15th century,Profile of saint holding a book and a quill,Book of Hours; saint; historiated initial; putti; Hours of the Virgin,"Monte Cassino, Italy",41.49178248,13.81587839,Loyola Notre Dame Library,,Image; Stillimage,image/png,Latin,,,image,/objects/hi_booknquill_ital.png,/objects/small/hi_booknquill_ital_sm.jpg,/objects/thumbs/hi_booknquill_ital_th.jpg,,
lndl023,,"Historiated initial with bust of saint, Vespers",Italian,Book of Hours,"Hours of the Virgin, Vespers",64v,15th century,Saint holding a book and a quill,Book of Hours; saint; historiated initial; quill; putti; Hours of the Virgin,"Monte Cassino, Italy",41.49178248,13.81587839,Loyola Notre Dame Library,,Image; Stillimage,image/png,Latin,,,image,/objects/hi_frontalbooknquill_ital.png,/objects/small/hi_frontalbooknquill_ital_sm.jpg,/objects/thumbs/hi_frontalbooknquill_ital_th.jpg,,
lndl024,,"Historiated initial with bust of saint, Prime",Italian,Book of Hours,"Hours of the Virgin, Prime",41v,15th century,Praying saint for Prime,Book of Hours; saint; historiated initial; praying; Hours of the Virgin,"Monte Cassino, Italy",41.49178248,13.81587839,Loyola Notre Dame Library,,Image; Stillimage,image/png,Latin,,,image,/objects/hi_prayingman_ital.jpg,/objects/small/hi_prayingman_ital_sm.jpg,/objects/thumbs/hi_prayingman_ital_th.jpg,,
lndl025,,"Historiated initial with bust of a saint, Compline",Italian,Book of Hours,"Hours of the Virgin, Compline",75r,15th century,Profile of a saint,Book of Hours; saint; historiated initial; Hours of the Virgin,"Monte Cassino, Italy",41.49178248,13.81587839,Loyola Notre Dame Library,,Image; Stillimage,image/png,Latin,,,image,/objects/hi_profile_ital.png,/objects/small/hi_profile_ital_sm.jpg,/objects/thumbs/hi_profile_ital_th.jpg,,
lndl026,,Decorated initial,Italian,Book of Hours,Hours of the Virgin,26v,15th century,Illuminated D,decorated initial; Hours of the Virgin,"Monte Cassino, Italy",41.49178248,13.81587839,Loyola Notre Dame Library,,Image; Stillimage,image/png,Latin,,,image,/objects/illuminated_d.png,/objects/small/illuminated_d_sm.jpg,/objects/thumbs/illuminated_d_th.jpg,,
lndl029,,Illustration of the raising of Lazarus,Italian,Book of Hours,Office of the Dead,104v,15th century,Raising of Lazarus featuring two putti holding a large skull at the bottom of the page,Lazarus; Jesus; apostles; putti; skull; full page,"Monte Cassino, Italy",41.49178248,13.81587839,Loyola Notre Dame Library,,Image; Stillimage,image/png,Latin,,,image,/objects/lazarus_ital.png,/objects/small/lazarus_ital_sm.jpg,/objects/thumbs/lazarus_ital_th.jpg,,
lndl030,,Illustration of the Annunciation,French,Book of Hours,Hours of the Virgin,21r,15th century,Annunciation with Mary and Gabriel,Book of Hours; French; Annunciation: Mary; Gabriel; full page,Flanders,50.87076259,3.049374844,Loyola Notre Dame Library,,Image; Stillimage,image/png,Latin; French,,,image,/objects/xannunciation_fr.png,/objects/small/xannunciation_fr_sm.jpg,/objects/thumbs/xannunciation_fr_th.jpg,,
lndl031,,Illustration of King David and Bathsheba,French,Book of Hours,Penitential Psalms,69r,15th century,King David watching Bathsheba bathing,Book of Hours; David; Bathsheba; Penitential Psalms; full page,Flanders,50.87076259,3.049374844,Loyola Notre Dame Library,,Image; Stillimage,image/png,Latin; French,,,image,/objects/xannunciation_fr.png,/objects/small/xbathsheba_fr_sm.jpg,/objects/thumbs/xbathsheba_fr_th.jpg,,
compound001,,Chalice and Supplemental Prayer,,Book of Hours,Hours of the Virgin,61v-62r,Unknown,"Chalice with open, bleeding wound accompanied by supplemental prayer added at a later date",Book of Hours; chalice; French; wound; prayer; supplemental,Flanders,50.87076259,3.049374844,Loyola Notre Dame Library,,Image; Stillimage,image/png,French,,,compound_object,,/objects/small/xchalice_fr_sm.jpg,/objects/thumbs/xchalice_fr_th.jpg,,
lndl033,compound001,Illustration of chalice with open wound,French,Book of Hours,Hours of the Virgin; Supplemental prayer,61v,Unknown,"Chalice with open, bleeding wound accompanied by supplemental prayer added at a later date",Book of Hours; chalice; French; wound; prayer; supplemental,Flanders,50.87076259,3.049374844,Loyola Notre Dame Library,,Image; Stillimage,image/png,Latin; French,,,image,/objects/xannunciation_fr.png,/objects/small/xchalice_fr_sm.jpg,/objects/thumbs/xchalice_fr_th.jpg,,
lndl032,compound001,Second half of supplemental prayer following chalice with open wound,French,Book of Hours,Hours of the Virgin; Supplemental prayer,62r,Unknown,Supplemental prayer complementing chalice with open wound image,Book of Hours; chalice; French; wound; prayer; supplemental,Flanders,50.87076259,3.049374844,Loyola Notre Dame Library,,Image; Stillimage,image/png,Latin; French,,,image,/objects/xannunciation_fr.png,/objects/small/xchalice2_fr_sm.jpg,/objects/thumbs/xchalice2_fr_th.jpg,,
lndl034,,Illustration of Crucifixion,French,Book of Hours,Hours of the Cross,63r,15th century,Crucifixion featuring John and Mary,Book of Hours; Crucifixion; Mary; Jesus; John; French; full page,Flanders,50.87076259,3.049374844,Loyola Notre Dame Library,,Image; Stillimage,image/png,Latin; French,,,image,/objects/xannunciation_fr.png,/objects/small/xcrucifixion_fr_sm.jpg,/objects/thumbs/xcrucifixion_fr_th.jpg,,
lndl035,,Illustration of Crucifixion,Italian,Book of Hours,Hours of the Cross,230v,15th century,Crucifixion featuring John and Mary,Book of Hours; Crucifixion; Mary; Jesus; John; Italian; full page,"Monte Cassino, Italy",41.49178248,13.81587839,Loyola Notre Dame Library,,Image; Stillimage,image/png,Latin,,,image,/objects/xannunciation_fr.png,/objects/small/xcrucifixion_ital_sm.jpg,/objects/thumbs/xcrucifixion_ital_th.jpg,,
lndl036,,Inscription in French manuscript,French,Book of Hours,flyleaf,N/A,15th century,"Inscription featuring the name ""Marion, daughter of Simon""",Book of Hours; French; Marion; inscription; flyleaf,Flanders,50.87076259,3.049374844,Loyola Notre Dame Library,,Image; Stillimage,image/png,French,,,image,/objects/xannunciation_fr.png,/objects/small/xinscription_fr_sm.jpg,/objects/thumbs/xinscription_fr_th.jpg,,
lndl037,,Illustration of Veronica holding up a cloth with Christ's face with the instruments of the Passion below,Italian,Book of Hours,Little Hours of the Holy Cross,231r,15th century,Mary holding Veronica's cloth showing the face of Christ with Crown of Thorns; instuments of the Passion below,Book of Hours; Mary; Veronica; Jesus; Passion; full page; Italian,"Monte Cassino, Italy",41.49178248,13.81587839,Loyola Notre Dame Library,,Image; Stillimage,image/png,Latin,,,image,/objects/xannunciation_fr.png,/objects/small/xjesuscloth_ital_sm.jpg,/objects/thumbs/xjesuscloth_ital_th.jpg,,
lndl038,,Illustration of Job on his dung heap,French,Book of Hours,Seven Penitential Psalms,85v,15th century,Job conversing with a man while sitting on his dung heap,Book of Hours; full page; Job; dung heap; French,Flanders,50.87076259,3.049374844,Loyola Notre Dame Library,,Image; Stillimage,image/png,Latin; French,,,image,/objects/xannunciation_fr.png,/objects/small/xjob_fr_sm.jpg,/objects/thumbs/xjob_fr_th.jpg,,
lndl039,,John the Evangelist writing on the island of Patmos with an eagle,French,Book of Hours,Gospel Readings,13r,15th century,John the Evangelist writing on the island of Patmos accompanied by an eagle,Book of Hours; John; eagle; writing; French,Flanders,50.87076259,3.049374844,Loyola Notre Dame Library,,Image; Stillimage,image/png,Latin; French,,,image,/objects/xannunciation_fr.png,/objects/small/xjohnevan_fr_sm.jpg,/objects/thumbs/xjohnevan_fr_th.jpg,,
lndl040,,Illustration of Pentecost,French,Book of Hours,Hours of the Holy Spirit,66r,15th century,Mary and the apostles kneeling and receiving tongues of fire at Pentecost,Book of Hours; Mary; apostles; praying; Pentecost; Holy Spirit; full page; French,Flanders,50.87076259,3.049374844,Loyola Notre Dame Library,,Image; Stillimage,image/png,Latin; French,,,image,/objects/xannunciation_fr.png,/objects/small/xpentecost_fr_sm.jpg,/objects/thumbs/xpentecost_fr_th.jpg,,
lndl041,,Illustration of Simeon and Anna at the Temple,Italian,Book of Hours,Little Hours of the Holy Cross,237v,15th century,Simeon and Anna at the Temple,Book of Hours; Simeon; Anna; Temple; full page; Italian,"Monte Cassino, Italy",41.49178248,13.81587839,Loyola Notre Dame Library,,Image; Stillimage,image/png,Latin,,,image,/objects/xannunciation_fr.png,/objects/small/xsimeonanna_ital_sm.jpg,/objects/thumbs/xsimeonanna_ital_th.jpg,,
lndl042,,German stamp,Italian,Book of Hours,flyleaf,N/A,Unknown,Stamp featuring an eagle sitting on top of a globe with German text,Book of Hours; stamp; Italian,"Monte Cassino, Italy",41.49178248,13.81587839,Loyola Notre Dame Library,,Image; Stillimage,image/png,German,,,image,/objects/xannunciation_fr.png,/objects/small/xstamp_ital_sm.jpg,/objects/thumbs/xstamp_ital_th.jpg,,
lndl043,,Illustration of the Trinity,French,Book of Hours,Prayers,124v,15th century,"God the Father, Jesus, and the Holy Spirit gathered around a throne in Heaven",Book of Hours; Jesus; God the Father; Holy Spirit; Trinity; French,Flanders,50.87076259,3.049374844,Loyola Notre Dame Library,,Image; Stillimage,image/png,Latin; French,,,image,/objects/xannunciation_fr.png,/objects/small/xtrinity_fr_sm.jpg,/objects/thumbs/xtrinity_fr_th.jpg,,
lndl044,,Historiated initial of the Virgin praying,Italian,Book of Hours,Gradual Psalms,238r,15th century,The Virgin praying,Book of Hours; Mary; praying; Italian; historiated initial,"Monte Cassino, Italy",41.49178248,13.81587839,Loyola Notre Dame Library,,Image; Stillimage,image/png,Latin,,,image,/objects/xannunciation_fr.png,/objects/small/xvirgin_praying_ital_sm.jpg,/objects/thumbs/xvirgin_praying_ital_th.jpg,,
lndl045,,Illustration of the Virgin praying,French,Book of Hours,Prayers,120v,15th century,The Virgin praying,Book of Hours; full page; French; Mary; praying,Flanders,50.87076259,3.049374844,Loyola Notre Dame Library,,Image; Stillimage,image/png,Latin; French,,,image,/objects/xannunciation_fr.png,/objects/small/xvirginpg_fr_sm.jpg,/objects/thumbs/xvirginpg_fr_th.jpg,,
image/png,,,,,,,,,,,,,,,,,,,,,,,,,
compound002,,Italian Calendar,,Book of Hours,Calendar,1r-12v,15th century,1 month per folio for whole calendar,Calendar; Italian,"Monte Cassino, Italy",41.49178248,13.81587839,Loyola Notre Dame Library,,Image; Stillimage,image/png,Latin,,,compound_object,,,,,
lndl047,compound002,January,Italian,Book of Hours,Calendar,1r,15th century,1 month per folio,Calendar; Italian,"Monte Cassino, Italy",41.49178248,13.81587839,Loyola Notre Dame Library,,Image; Stillimage,image/png,Latin,,,image,/objects/01jancal_ital.png,/objects/small/01jancal_ital_sm.jpg,/objects/thumbs/01jancal_ital_th.jpg,,
lndl048,compound002,January,Italian,Book of Hours,Calendar,1v,15th century,1 month per folio,Calendar; Italian,"Monte Cassino, Italy",41.49178248,13.81587839,Loyola Notre Dame Library,,Image; Stillimage,image/png,Latin,,,image,/objects/02jancal2_ital.png,/objects/small/02jancal2_ital_sm.jpg,/objects/thumbs/02jancal2_ital_th.jpg,,
lndl049,compound002,February,Italian,Book of Hours,Calendar,2r,15th century,1 month per folio,Calendar; Italian,"Monte Cassino, Italy",41.49178248,13.81587839,Loyola Notre Dame Library,,Image; Stillimage,image/png,Latin,,,image,/objects/03febcal_ital.png,/objects/small/03febcal_ital_sm.jpg,/objects/thumbs/03febcal_ital_th.jpg,,
lndl050,compound002,February,Italian,Book of Hours,Calendar,2v,15th century,1 month per folio,Calendar; Italian,"Monte Cassino, Italy",41.49178248,13.81587839,Loyola Notre Dame Library,,Image; Stillimage,image/png,Latin,,,image,/objects/04febcal2_ital.png,/objects/small/04febcal2_ital_sm.jpg,/objects/thumbs/04febcal2_ital_th.jpg,,
lndl051,compound002,March,Italian,Book of Hours,Calendar,3r,15th century,1 month per folio,Calendar; Italian,"Monte Cassino, Italy",41.49178248,13.81587839,Loyola Notre Dame Library,,Image; Stillimage,image/png,Latin,,,image,/objects/05xmarcal_ital.png,/objects/small/05xmarcal_ital_sm.jpg,/objects/thumbs/05xmarcal_ital_th.jpg,,
lndl052,compound002,March,Italian,Book of Hours,Calendar,3v,15th century,1 month per folio,Calendar; Italian,"Monte Cassino, Italy",41.49178248,13.81587839,Loyola Notre Dame Library,,Image; Stillimage,image/png,Latin,,,image,/objects/06xmarcal2_ital.png,/objects/small/06xmarcal2_ital_sm.jpg,/objects/thumbs/06xmarcal2_ital_th.jpg,,
lndl053,compound002,April,Italian,Book of Hours,Calendar,4r,15th century,1 month per folio,Calendar; Italian,"Monte Cassino, Italy",41.49178248,13.81587839,Loyola Notre Dame Library,,Image; Stillimage,image/png,Latin,,,image,/objects/07xaprcal_ital.png,/objects/small/07xaprcal_ital_sm.jpg,/objects/thumbs/07xaprcal_ital_th.jpg,,
lndl054,compound002,April,Italian,Book of Hours,Calendar,4v,15th century,1 month per folio,Calendar; Italian,"Monte Cassino, Italy",41.49178248,13.81587839,Loyola Notre Dame Library,,Image; Stillimage,image/png,Latin,,,image,/objects/08xaprcal2_ital.png,/objects/small/08xaprcal2_ital_sm.jpg,/objects/thumbs/08xaprcal2_ital_th.jpg,,
lndl055,compound002,May,Italian,Book of Hours,Calendar,5r,15th century,1 month per folio,Calendar; Italian,"Monte Cassino, Italy",41.49178248,13.81587839,Loyola Notre Dame Library,,Image; Stillimage,image/png,Latin,,,image,/objects/09xmaycal_ital.png,/objects/small/09xmaycal_ital_sm.jpg,/objects/thumbs/09xmaycal_ital_th.jpg,,
lndl056,compound002,May,Italian,Book of Hours,Calendar,5v,15th century,1 month per folio,Calendar; Italian,"Monte Cassino, Italy",41.49178248,13.81587839,Loyola Notre Dame Library,,Image; Stillimage,image/png,Latin,,,image,/objects/10xmaycal2_ital.png,/objects/small/10xmaycal2_ital_sm.jpg,/objects/thumbs/10xmaycal2_ital_th.jpg,,
lndl057,compound002,June,Italian,Book of Hours,Calendar,6r,15th century,1 month per folio,Calendar; Italian,"Monte Cassino, Italy",41.49178248,13.81587839,Loyola Notre Dame Library,,Image; Stillimage,image/png,Latin,,,image,/objects/11xjuncal_ital.png,/objects/small/11xjuncal_ital_sm.jpg,/objects/thumbs/11xjuncal_ital_th.jpg,,
lndl058,compound002,June,Italian,Book of Hours,Calendar,6v,15th century,1 month per folio,Calendar; Italian,"Monte Cassino, Italy",41.49178248,13.81587839,Loyola Notre Dame Library,,Image; Stillimage,image/png,Latin,,,image,/objects/12xjuncal2_ital.png,/objects/small/12xjuncal2_ital_sm.jpg,/objects/thumbs/12xjuncal2_ital_th.jpg,,
lndl059,compound002,July,Italian,Book of Hours,Calendar,7r,15th century,1 month per folio,Calendar; Italian,"Monte Cassino, Italy",41.49178248,13.81587839,Loyola Notre Dame Library,,Image; Stillimage,image/png,Latin,,,image,/objects/13xjulcal_ital.png,/objects/small/13xjulcal_ital_sm.jpg,/objects/thumbs/13xjulcal_ital_th.jpg,,
lndl060,compound002,July,Italian,Book of Hours,Calendar,7v,15th century,1 month per folio,Calendar; Italian,"Monte Cassino, Italy",41.49178248,13.81587839,Loyola Notre Dame Library,,Image; Stillimage,image/png,Latin,,,image,/objects/14xjulcal2_ital.png,/objects/small/14xjulcal2_ital_sm.jpg,/objects/thumbs/14xjulcal2_ital_th.jpg,,
lndl061,compound002,August,Italian,Book of Hours,Calendar,8r,15th century,1 month per folio,Calendar; Italian,"Monte Cassino, Italy",41.49178248,13.81587839,Loyola Notre Dame Library,,Image; Stillimage,image/png,Latin,,,image,/objects/15xaugcal_ital.png,/objects/small/15xaugcal_ital_sm.jpg,/objects/thumbs/15xaugcal_ital_th.jpg,,
lndl062,compound002,August,Italian,Book of Hours,Calendar,8v,15th century,1 month per folio,Calendar; Italian,"Monte Cassino, Italy",41.49178248,13.81587839,Loyola Notre Dame Library,,Image; Stillimage,image/png,Latin,,,image,/objects/16xaugcal2_ital.png,/objects/small/16xaugcal2_ital_sm.jpg,/objects/thumbs/16xaugcal2_ital_th.jpg,,
lndl063,compound002,September,Italian,Book of Hours,Calendar,9r,15th century,1 month per folio,Calendar; Italian,"Monte Cassino, Italy",41.49178248,13.81587839,Loyola Notre Dame Library,,Image; Stillimage,image/png,Latin,,,image,/objects/17xseptcal_ital.png,/objects/small/17xseptcal_ital_sm.jpg,/objects/thumbs/17xseptcal_ital_th.jpg,,
lndl064,compound002,September,Italian,Book of Hours,Calendar,9v,15th century,1 month per folio,Calendar; Italian,"Monte Cassino, Italy",41.49178248,13.81587839,Loyola Notre Dame Library,,Image; Stillimage,image/png,Latin,,,image,/objects/18xseptcal2_ital.png,/objects/small/18xseptcal2_ital_sm.jpg,/objects/thumbs/18xseptcal2_ital_th.jpg,,
lndl065,compound002,October,Italian,Book of Hours,Calendar,10r,15th century,1 month per folio,Calendar; Italian,"Monte Cassino, Italy",41.49178248,13.81587839,Loyola Notre Dame Library,,Image; Stillimage,image/png,Latin,,,image,/objects/19xoctcal2_ital.png,/objects/small/19xoctcal2_ital_sm.jpg,/objects/thumbs/19xoctcal2_ital_th.jpg,,
lndl066,compound002,October,Italian,Book of Hours,Calendar,10v,15th century,1 month per folio,Calendar; Italian,"Monte Cassino, Italy",41.49178248,13.81587839,Loyola Notre Dame Library,,Image; Stillimage,image/png,Latin,,,image,/objects/19xoctcal_ital.png,/objects/small/19xoctcal_ital_sm.jpg,/objects/thumbs/19xoctcal_ital_th.jpg,,
lndl067,compound002,November,Italian,Book of Hours,Calendar,11r,15th century,1 month per folio,Calendar; Italian,"Monte Cassino, Italy",41.49178248,13.81587839,Loyola Notre Dame Library,,Image; Stillimage,image/png,Latin,,,image,/objects/20xnovcal_ital.png,/objects/small/20xnovcal_ital_sm.jpg,/objects/thumbs/20xnovcal_ital_th.jpg,,
lndl068,compound002,November,Italian,Book of Hours,Calendar,11v,15th century,1 month per folio,Calendar; Italian,"Monte Cassino, Italy",41.49178248,13.81587839,Loyola Notre Dame Library,,Image; Stillimage,image/png,Latin,,,image,/objects/21xnovcal2_ital.png,/objects/small/21xnovcal2_ital_sm.jpg,/objects/thumbs/21xnovcal2_ital_th.jpg,,
lndl069,compound002,December,Italian,Book of Hours,Calendar,12r,15th century,1 month per folio,Calendar; Italian,"Monte Cassino, Italy",41.49178248,13.81587839,Loyola Notre Dame Library,,Image; Stillimage,image/png,Latin,,,image,/objects/23xdeccal_ital.png,/objects/small/23xdeccal_ital_sm.jpg,/objects/thumbs/23xdeccal_ital_th.jpg,,
lndl070,compound002,December,Italian,Book of Hours,Calendar,12v,15th century,1 month per folio,Calendar; Italian,"Monte Cassino, Italy",41.49178248,13.81587839,Loyola Notre Dame Library,,Image; Stillimage,image/png,Latin,,,image,/objects/24xdeccal2_ital.png,/objects/small/24xdeccal2_ital_sm.jpg,/objects/thumbs/24xdeccal2_ital_th.jpg,,
compound003,,French Calendar,French,Book of Hours,Calendar,1r-12v,15th century,1 month per folio,Calendar: French,Flanders,50.87076259,3.049374844,Loyola Notre Dame Library,,Image; Stillimage,image/png,Latin; French,,,compound_object,,/objects/small/25xjancal_fr_sm.jpg,/objects/thumbs/25xjancal_fr_th.jpg,,
lndl080,compound003,January,French,Book of Hours,Calendar,1r,15th century,1 month per folio,Calendar; French,Flanders,50.87076259,3.049374844,Loyola Notre Dame Library,,Image; Stillimage,image/png,Latin; French,,,image,/objects/25xjancal_fr.png,/objects/small/25xjancal_fr_sm.jpg,/objects/thumbs/25xjancal_fr_th.jpg,,
lndl081,compound003,January,French,Book of Hours,Calendar,1v,15th century,1 month per folio,Calendar; French,Flanders,50.87076259,3.049374844,Loyola Notre Dame Library,,Image; Stillimage,image/png,Latin; French,,,image,/objects/26xjancal2_fr.png,/objects/small/26xjancal2_fr_sm.jpg,/objects/thumbs/26xjancal2_fr_th.jpg,,
lndl082,compound003,February,French,Book of Hours,Calendar,2r,15th century,1 month per folio,Calendar; French,Flanders,50.87076259,3.049374844,Loyola Notre Dame Library,,Image; Stillimage,image/png,Latin; French,,,image,/objects/27xfebcal_fr.png,/objects/small/27xfebcal_fr_sm.jpg,/objects/thumbs/27xfebcal_fr_th.jpg,,
lndl083,compound003,February,French,Book of Hours,Calendar,2v,15th century,1 month per folio,Calendar; French,Flanders,50.87076259,3.049374844,Loyola Notre Dame Library,,Image; Stillimage,image/png,Latin; French,,,image,/objects/28xfebcal2_fr.png,/objects/small/28xfebcal2_fr_sm.jpg,/objects/thumbs/28xfebcal2_fr_th.jpg,,
lndl084,compound003,March,French,Book of Hours,Calendar,3r,15th century,1 month per folio,Calendar; French,Flanders,50.87076259,3.049374844,Loyola Notre Dame Library,,Image; Stillimage,image/png,Latin; French,,,image,/objects/29xmarcal_fr.png,/objects/small/29xmarcal_fr_sm.jpg,/objects/thumbs/29xmarcal_fr_th.jpg,,
lndl085,compound003,March,French,Book of Hours,Calendar,3v,15th century,1 month per folio,Calendar; French,Flanders,50.87076259,3.049374844,Loyola Notre Dame Library,,Image; Stillimage,image/png,Latin; French,,,image,/objects/30xmarcal2_fr.png,/objects/small/30xmarcal2_fr_sm.jpg,/objects/thumbs/30xmarcal2_fr_th.jpg,,
lndl086,compound003,April,French,Book of Hours,Calendar,4r,15th century,1 month per folio,Calendar; French,Flanders,50.87076259,3.049374844,Loyola Notre Dame Library,,Image; Stillimage,image/png,Latin; French,,,image,/objects/31xaprcal_fr.png,/objects/small/31xaprcal_fr_sm.jpg,/objects/thumbs/31xaprcal_fr_th.jpg,,
lndl087,compound003,April,French,Book of Hours,Calendar,4v,15th century,1 month per folio,Calendar; French,Flanders,50.87076259,3.049374844,Loyola Notre Dame Library,,Image; Stillimage,image/png,Latin; French,,,image,/objects/32xaprcal2_fr.png,/objects/small/32xaprcal2_fr_sm.jpg,/objects/thumbs/32xaprcal2_fr_th.jpg,,
lndl088,compound003,May,French,Book of Hours,Calendar,5r,15th century,1 month per folio,Calendar; French,Flanders,50.87076259,3.049374844,Loyola Notre Dame Library,,Image; Stillimage,image/png,Latin; French,,,image,/objects/33xmaycal_fr.png,/objects/small/33xmaycal_fr_sm.jpg,/objects/thumbs/33xmaycal_fr_th.jpg,,
lndl089,compound003,May,French,Book of Hours,Calendar,5v,15th century,1 month per folio,Calendar; French,Flanders,50.87076259,3.049374844,Loyola Notre Dame Library,,Image; Stillimage,image/png,Latin; French,,,image,/objects/34xmaycal2_fr.png,/objects/small/34xmaycal2_fr_sm.jpg,/objects/thumbs/34xmaycal2_fr_th.jpg,,
lndl090,compound003,June,French,Book of Hours,Calendar,6r,15th century,1 month per folio,Calendar; French,Flanders,50.87076259,3.049374844,Loyola Notre Dame Library,,Image; Stillimage,image/png,Latin; French,,,image,/objects/35xjuncal_fr.png,/objects/small/35xjuncal_fr_sm.jpg,/objects/thumbs/35xjuncal_fr_th.jpg,,
lndl091,compound003,June,French,Book of Hours,Calendar,6v,15th century,1 month per folio,Calendar; French,Flanders,50.87076259,3.049374844,Loyola Notre Dame Library,,Image; Stillimage,image/png,Latin; French,,,image,/objects/36xjuncal2_fr.png,/objects/small/36xjuncal2_fr_sm.jpg,/objects/thumbs/36xjuncal2_fr_th.jpg,,
lndl092,compound003,July,French,Book of Hours,Calendar,7r,15th century,1 month per folio,Calendar; French,Flanders,50.87076259,3.049374844,Loyola Notre Dame Library,,Image; Stillimage,image/png,Latin; French,,,image,/objects/37xjulcal_fr.png,/objects/small/37xjulcal_fr_sm.jpg,/objects/thumbs/37xjulcal_fr_th.jpg,,
lndl093,compound003,July,French,Book of Hours,Calendar,7v,15th century,1 month per folio,Calendar; French,Flanders,50.87076259,3.049374844,Loyola Notre Dame Library,,Image; Stillimage,image/png,Latin; French,,,image,/objects/38xjulcal2_fr.png,/objects/small/38xjulcal2_fr_sm.jpg,/objects/thumbs/38xjulcal2_fr_th.jpg,,
lndl094,compound003,August,French,Book of Hours,Calendar,8r,15th century,1 month per folio,Calendar; French,Flanders,50.87076259,3.049374844,Loyola Notre Dame Library,,Image; Stillimage,image/png,Latin; French,,,image,/objects/39xaugcal_fr.png,/objects/small/39xaugcal_fr_sm.jpg,/objects/thumbs/39xaugcal_fr_th.jpg,,
lndl095,compound003,August,French,Book of Hours,Calendar,8v,15th century,1 month per folio,Calendar; French,Flanders,50.87076259,3.049374844,Loyola Notre Dame Library,,Image; Stillimage,image/png,Latin; French,,,image,/objects/40xaugcal2_fr.png,/objects/small/40xaugcal2_fr_sm.jpg,/objects/thumbs/40xaugcal2_fr_th.jpg,,
lndl096,compound003,September,French,Book of Hours,Calendar,9r,15th century,1 month per folio,Calendar; French,Flanders,50.87076259,3.049374844,Loyola Notre Dame Library,,Image; Stillimage,image/png,Latin; French,,,image,/objects/41xseptcal_fr.png,/objects/small/41xseptcal_fr_sm.jpg,/objects/thumbs/41xseptcal_fr_th.jpg,,
lndl097,compound003,September,French,Book of Hours,Calendar,9v,15th century,1 month per folio,Calendar; French,Flanders,50.87076259,3.049374844,Loyola Notre Dame Library,,Image; Stillimage,image/png,Latin; French,,,image,/objects/42xseptcal2_fr.png,/objects/small/42xseptcal2_fr_sm.jpg,/objects/thumbs/42xseptcal2_fr_th.jpg,,
lndl098,compound003,October,French,Book of Hours,Calendar,10r,15th century,1 month per folio,Calendar; French,Flanders,50.87076259,3.049374844,Loyola Notre Dame Library,,Image; Stillimage,image/png,Latin; French,,,image,/objects/43xoctcal_fr.png,/objects/small/43xoctcal_fr_sm.jpg,/objects/thumbs/43xoctcal_fr_th.jpg,,
lndl099,compound003,October,French,Book of Hours,Calendar,10v,15th century,1 month per folio,Calendar; French,Flanders,50.87076259,3.049374844,Loyola Notre Dame Library,,Image; Stillimage,image/png,Latin; French,,,image,/objects/44xoctcal2_fr.png,/objects/small/44xoctcal2_fr_sm.jpg,/objects/thumbs/44xoctcal2_fr_th.jpg,,
lndl100,compound003,November,French,Book of Hours,Calendar,11r,15th century,1 month per folio,Calendar; French,Flanders,50.87076259,3.049374844,Loyola Notre Dame Library,,Image; Stillimage,image/png,Latin; French,,,image,/objects/45xnovcal_fr.png,/objects/small/45xnovcal_fr_sm.jpg,/objects/thumbs/45xnovcal_fr_th.jpg,,
lndl101,compound003,November,French,Book of Hours,Calendar,11v,15th century,1 month per folio,Calendar; French,Flanders,50.87076259,3.049374844,Loyola Notre Dame Library,,Image; Stillimage,image/png,Latin; French,,,image,/objects/46xnovcal2_fr.png,/objects/small/46xnovcal2_fr_sm.jpg,/objects/thumbs/46xnovcal2_fr_th.jpg,,
lndl102,compound003,December,French,Book of Hours,Calendar,12r,15th century,1 month per folio,Calendar; French,Flanders,50.87076259,3.049374844,Loyola Notre Dame Library,,Image; Stillimage,image/png,Latin; French,,,image,/objects/47xdeccal_fr.png,/objects/small/47xdeccal_fr_sm.jpg,/objects/thumbs/47xdeccal_fr_th.jpg,,
lndl103,compound003,December,French,Book of Hours,Calendar,12v,15th century,1 month per folio,Calendar; French,Flanders,50.87076259,3.049374844,Loyola Notre Dame Library,,Image; Stillimage,image/png,Latin; French,,,image,/objects/48xdeccal2_fr.png,/objects/small/48xdeccal2_fr_sm.jpg,/objects/thumbs/48xdeccal2_fr_th.jpg,,